<?xml version="1.0" encoding="UTF-8"?>
<project-private xmlns="http://www.netbeans.org/ns/project-private/1">
    <editor-bookmarks xmlns="http://www.netbeans.org/ns/editor-bookmarks/2" lastBookmarkId="0"/>
    <open-files xmlns="http://www.netbeans.org/ns/projectui-open-files/2">
        <group>
            <file>file:/C:/Users/anisy/OneDrive/Documents/N%20etBeansProjects/bioskopfix/src/UserMenu.java</file>
            <file>file:/C:/Users/anisy/OneDrive/Documents/N%20etBeansProjects/bioskopfix/src/Menu.java</file>
            <file>file:/C:/Users/anisy/OneDrive/Documents/N%20etBeansProjects/bioskopfix/src/Main.java</file>
            <file>file:/C:/Users/anisy/OneDrive/Documents/N%20etBeansProjects/bioskopfix/src/User.java</file>
            <file>file:/C:/Users/anisy/OneDrive/Documents/N%20etBeansProjects/bioskopfix/src/movieTitles.java</file>
            <file>file:/C:/Users/anisy/OneDrive/Documents/N%20etBeansProjects/bioskopfix/src/Ticketable.java</file>
            <file>file:/C:/Users/anisy/OneDrive/Documents/N%20etBeansProjects/bioskopfix/src/AdminMenu.java</file>
        </group>
    </open-files>
</project-private>
